id,tariffrate_id,machine_specific_detail_id,first_audit_price,first_audit_price_without_startup,next_audit_price,next_audit_integrity_overcharge
33,1,1,332.00,0.00,247.00,0.00
34,1,2,332.00,0.00,247.00,0.00
35,1,3,257.00,0.00,152.00,0.00
36,1,4,307.00,0.00,215.00,0.00
37,1,5,332.00,0.00,247.00,0.00
38,1,6,307.00,0.00,215.00,0.00
39,1,7,332.00,0.00,247.00,0.00
40,1,8,307.00,0.00,215.00,0.00
41,1,9,256.00,0.00,152.00,0.00
42,1,10,328.00,0.00,208.00,0.00
43,1,11,437.00,0.00,311.00,0.00
44,1,12,282.00,0.00,184.00,0.00
45,1,13,366.00,0.00,255.00,0.00
46,1,14,391.00,0.00,287.00,0.00
47,1,15,475.00,0.00,358.00,0.00
48,1,16,282.00,0.00,184.00,0.00
49,1,17,307.00,0.00,215.00,0.00
50,1,18,332.00,0.00,247.00,0.00
51,1,19,223.00,0.00,175.00,0.00
52,1,20,249.00,0.00,207.00,0.00
53,1,21,274.00,0.00,239.00,0.00
54,1,22,134.00,0.00,142.00,0.00
55,1,23,206.00,0.00,120.00,0.00
56,1,24,257.00,0.00,152.00,0.00
57,1,25,282.00,0.00,184.00,0.00
58,1,26,282.00,0.00,184.00,0.00
59,1,27,307.00,0.00,215.00,0.00
60,1,28,332.00,0.00,247.00,0.00
61,1,29,332.00,0.00,247.00,0.00
62,1,30,383.00,0.00,310.00,0.00
63,1,31,358.00,0.00,278.00,0.00
64,1,32,358.00,0.00,278.00,0.00
65,1,33,257.00,0.00,152.00,0.00
66,1,34,408.00,0.00,342.00,0.00
67,1,35,307.00,0.00,215.00,0.00
68,1,36,358.00,0.00,278.00,0.00
69,1,37,307.00,0.00,215.00,0.00
70,1,38,358.00,0.00,278.00,0.00
71,1,39,408.00,0.00,342.00,0.00
72,1,40,408.00,0.00,342.00,0.00
73,1,41,206.00,220.00,120.00,120.00
74,1,42,206.00,220.00,120.00,152.00
75,1,43,231.00,240.00,152.00,184.00
76,1,44,246.00,282.00,152.00,215.00
77,1,45,294.00,382.00,152.00,247.00
78,1,46,320.00,446.00,152.00,278.00
79,1,47,383.00,725.00,184.00,310.00
80,1,48,395.00,1099.00,184.00,342.00
81,1,49,408.00,1619.00,184.00,373.00
82,1,50,433.00,2306.00,215.00,405.00
83,1,51,497.00,2712.00,215.00,468.00
84,1,52,560.00,3166.00,215.00,531.00
85,1,53,231.00,242.00,168.00,247.00
86,1,54,282.00,282.00,184.00,278.00
87,1,55,292.00,324.00,199.00,310.00
88,1,56,312.00,324.00,215.00,278.00
89,1,57,322.00,382.00,215.00,278.00
90,1,58,332.00,450.00,247.00,326.00
91,1,59,342.00,554.00,247.00,326.00
92,1,60,352.00,678.00,247.00,326.00
93,1,61,363.00,846.00,278.00,373.00
94,1,62,373.00,1061.00,278.00,373.00
95,1,63,383.00,1330.00,278.00,373.00
96,1,64,398.00,1668.00,278.00,373.00
97,1,65,408.00,2076.00,310.00,421.00
98,1,66,423.00,2580.00,310.00,421.00
99,1,67,449.00,3175.00,310.00,421.00
100,1,68,474.00,3885.00,310.00,421.00
101,1,69,509.00,4722.00,342.00,468.00
102,1,70,560.00,5710.00,342.00,468.00
103,1,71,611.00,5710.00,342.00,468.00
104,1,72,80.00,80.00,55.00,75.00
105,1,73,437.00,0.00,311.00,0.00
106,1,74,358.00,358.00,278.00,278.00
107,2,1,334.99,0.00,249.22,0.00
108,2,2,334.99,0.00,249.22,0.00
109,2,3,259.31,0.00,153.37,0.00
110,2,4,309.76,0.00,216.94,0.00
111,2,5,334.99,0.00,249.22,0.00
112,2,6,309.76,0.00,216.94,0.00
113,2,7,334.99,0.00,249.22,0.00
114,2,8,309.76,0.00,216.94,0.00
115,2,9,258.30,0.00,153.37,0.00
116,2,10,330.95,0.00,209.87,0.00
117,2,11,369.29,0.00,257.30,0.00
118,2,12,284.54,0.00,185.66,0.00
119,2,13,369.29,0.00,257.30,0.00
120,2,14,394.52,0.00,289.58,0.00
121,2,15,479.28,0.00,361.22,0.00
122,2,16,284.54,0.00,185.66,0.00
123,2,17,309.76,0.00,216.94,0.00
124,2,18,334.99,0.00,249.22,0.00
125,2,19,225.01,0.00,176.58,0.00
126,2,20,251.24,0.00,208.86,0.00
127,2,21,276.47,0.00,241.15,0.00
128,2,22,135.21,0.00,143.28,0.00
129,2,23,207.85,0.00,121.08,0.00
130,2,24,259.31,0.00,153.37,0.00
131,2,25,284.54,0.00,185.66,0.00
132,2,26,284.54,0.00,185.66,0.00
133,2,27,309.76,0.00,216.94,0.00
134,2,28,334.99,0.00,249.22,0.00
135,2,29,334.99,0.00,249.22,0.00
136,2,30,386.45,0.00,312.79,0.00
137,2,31,361.22,0.00,280.50,0.00
138,2,32,361.22,0.00,280.50,0.00
139,2,33,259.31,0.00,153.37,0.00
140,2,34,411.67,0.00,345.08,0.00
141,2,35,309.76,0.00,216.94,0.00
142,2,36,361.22,0.00,280.50,0.00
143,2,37,309.76,0.00,216.94,0.00
144,2,38,361.22,0.00,280.50,0.00
145,2,39,411.67,0.00,345.08,0.00
146,2,40,411.67,0.00,345.08,0.00
147,2,41,207.85,221.98,121.08,121.08
148,2,42,207.85,221.98,121.08,153.37
149,2,43,233.08,242.16,153.37,185.66
150,2,44,248.21,284.54,153.37,216.94
151,2,45,296.65,385.44,153.37,249.22
152,2,46,322.88,450.01,153.37,280.50
153,2,47,386.45,731.53,185.66,312.79
154,2,48,398.56,1108.89,185.66,345.08
155,2,49,411.67,1633.57,185.66,376.36
156,2,50,436.90,2326.75,216.94,408.65
157,2,51,501.47,2736.41,216.94,472.21
158,2,52,565.04,3194.49,216.94,535.78
159,2,53,233.08,244.18,169.51,249.22
160,2,54,284.54,284.54,185.66,280.50
161,2,55,294.63,326.92,200.79,312.79
162,2,56,314.81,326.92,216.94,280.50
163,2,57,324.90,385.44,216.94,280.50
164,2,58,334.99,454.05,249.22,328.93
165,2,59,345.08,558.99,249.22,328.93
166,2,60,355.17,684.10,249.22,328.93
167,2,61,366.27,853.61,280.50,376.36
168,2,62,376.36,1070.55,280.50,376.36
169,2,63,386.45,1341.97,280.50,376.36
170,2,64,401.58,1683.01,280.50,376.36
171,2,65,411.67,2094.68,312.79,424.79
172,2,66,426.81,2603.22,312.79,424.79
173,2,67,453.04,3203.58,312.79,424.79
174,2,68,478.27,3919.97,312.79,424.79
175,2,69,513.58,4764.50,345.08,472.21
176,2,70,565.04,5761.39,345.08,472.21
177,2,71,616.50,5761.39,345.08,472.21
178,2,72,80.72,80.72,55.50,75.68
179,2,73,440.93,0.00,313.80,0.00
180,2,74,361.22,361.22,280.50,280.50
181,3,1,334.66,0.00,248.97,0.00
182,3,2,334.66,0.00,248.97,0.00
183,3,3,259.05,0.00,153.22,0.00
184,3,4,309.45,0.00,216.72,0.00
185,3,5,334.66,0.00,248.97,0.00
186,3,6,309.45,0.00,216.72,0.00
187,3,7,334.66,0.00,248.97,0.00
188,3,8,309.45,0.00,216.72,0.00
189,3,9,258.30,0.00,153.37,0.00
190,3,10,330.95,0.00,209.87,0.00
191,3,11,369.29,0.00,257.30,0.00
192,3,12,284.54,0.00,185.66,0.00
193,3,13,369.29,0.00,257.30,0.00
194,3,14,394.52,0.00,289.58,0.00
195,3,15,479.28,0.00,361.22,0.00
196,3,16,284.54,0.00,185.66,0.00
197,3,17,309.76,0.00,216.94,0.00
198,3,18,334.99,0.00,249.22,0.00
199,3,19,225.01,0.00,176.58,0.00
200,3,20,251.24,0.00,208.86,0.00
201,3,21,276.47,0.00,241.15,0.00
202,3,22,135.21,0.00,143.28,0.00
203,3,23,207.85,0.00,121.08,0.00
204,3,24,259.31,0.00,153.37,0.00
205,3,25,284.54,0.00,185.66,0.00
206,3,26,284.54,0.00,185.66,0.00
207,3,27,309.76,0.00,216.94,0.00
208,3,28,334.99,0.00,249.22,0.00
209,3,29,334.99,0.00,249.22,0.00
210,3,30,386.45,0.00,312.79,0.00
211,3,31,361.22,0.00,280.50,0.00
212,3,32,361.22,0.00,280.50,0.00
213,3,33,259.31,0.00,153.37,0.00
214,3,34,411.67,0.00,345.08,0.00
215,3,35,309.76,0.00,216.94,0.00
216,3,36,361.22,0.00,280.50,0.00
217,3,37,309.76,0.00,216.94,0.00
218,3,38,361.22,0.00,280.50,0.00
219,3,39,411.67,0.00,345.08,0.00
220,3,40,411.67,0.00,345.08,0.00
221,3,41,207.85,221.98,121.08,121.08
222,3,42,207.85,221.98,121.08,153.37
223,3,43,233.08,242.16,153.37,185.66
224,3,44,248.21,284.54,153.37,216.94
225,3,45,296.65,385.44,153.37,249.22
226,3,46,322.88,450.01,153.37,280.50
227,3,47,386.45,731.53,185.66,312.79
228,3,48,398.56,1108.89,185.66,345.08
229,3,49,411.67,1633.57,185.66,376.36
230,3,50,436.90,2326.75,216.94,408.65
231,3,51,501.47,2736.41,216.94,472.21
232,3,52,565.04,3194.49,216.94,535.78
233,3,53,233.08,244.18,169.51,249.22
234,3,54,284.54,284.54,185.66,280.50
235,3,55,294.63,326.92,200.79,312.79
236,3,56,314.81,326.92,216.94,280.50
237,3,57,324.90,385.44,216.94,280.50
238,3,58,334.99,454.05,249.22,328.93
239,3,59,345.08,558.99,249.22,328.93
240,3,60,355.17,684.10,249.22,328.93
241,3,61,366.27,853.61,280.50,376.36
242,3,62,376.36,1070.55,280.50,376.36
243,3,63,386.45,1341.97,280.50,376.36
244,3,64,401.58,1683.01,280.50,376.36
245,3,65,411.67,2094.68,312.79,424.79
246,3,66,426.81,2603.22,312.79,424.79
247,3,67,453.04,3203.58,312.79,424.79
248,3,68,478.27,3919.97,312.79,424.79
249,3,69,513.58,4764.50,345.08,472.21
250,3,70,565.04,5761.39,345.08,472.21
251,3,71,616.50,5761.39,345.08,472.21
252,3,72,80.72,80.72,55.50,75.68
253,3,73,440.93,0.00,313.80,0.00
254,3,74,361.22,361.22,280.50,280.50
255,4,1,334.66,0.00,249.22,0.00
256,4,2,334.99,0.00,249.22,0.00
257,4,3,259.31,0.00,153.37,0.00
258,4,4,309.76,0.00,216.94,0.00
259,4,5,334.99,0.00,249.22,0.00
260,4,6,309.76,0.00,216.94,0.00
261,4,7,334.99,0.00,249.22,0.00
262,4,8,309.76,0.00,216.94,0.00
263,4,9,258.30,0.00,153.37,0.00
264,4,10,330.95,0.00,209.87,0.00
265,4,11,369.29,0.00,257.30,0.00
266,4,12,284.54,0.00,185.66,0.00
267,4,13,369.29,0.00,257.30,0.00
268,4,14,394.52,0.00,289.58,0.00
269,4,15,479.28,0.00,361.22,0.00
270,4,16,284.54,0.00,185.66,0.00
271,4,17,309.76,0.00,216.94,0.00
272,4,18,334.99,0.00,249.22,0.00
273,4,19,225.01,0.00,176.58,0.00
274,4,20,251.24,0.00,208.86,0.00
275,4,21,276.47,0.00,241.15,0.00
276,4,22,135.21,0.00,143.28,0.00
277,4,23,207.85,0.00,121.08,0.00
278,4,24,259.31,0.00,153.37,0.00
279,4,25,284.54,0.00,185.66,0.00
280,4,26,284.54,0.00,185.66,0.00
281,4,27,309.76,0.00,216.94,0.00
282,4,28,334.99,0.00,249.22,0.00
283,4,29,334.99,0.00,249.22,0.00
284,4,30,386.45,0.00,312.79,0.00
285,4,31,361.22,0.00,280.50,0.00
286,4,32,361.22,0.00,280.50,0.00
287,4,33,259.31,0.00,153.37,0.00
288,4,34,411.67,0.00,345.08,0.00
289,4,35,309.76,0.00,216.94,0.00
290,4,36,361.22,0.00,280.50,0.00
291,4,37,309.76,0.00,216.94,0.00
292,4,38,361.22,0.00,280.50,0.00
293,4,39,411.67,0.00,345.08,0.00
294,4,40,411.67,0.00,345.08,0.00
295,4,41,207.85,221.98,121.08,121.08
296,4,42,207.85,221.98,121.08,153.37
297,4,43,233.08,242.16,153.37,185.66
298,4,44,248.21,284.54,153.37,216.94
299,4,45,296.65,385.44,153.37,249.22
300,4,46,322.88,450.01,153.37,280.50
301,4,47,386.45,731.53,185.66,312.79
302,4,48,398.56,1108.89,185.66,345.08
303,4,49,411.67,1633.57,185.66,376.36
304,4,50,436.90,2326.75,216.94,408.65
305,4,51,501.47,2736.41,216.94,472.21
306,4,52,565.04,3194.49,216.94,535.78
307,4,53,233.08,244.18,169.51,249.22
308,4,54,284.54,284.54,185.66,280.50
309,4,55,294.63,326.92,200.79,312.79
310,4,56,314.81,326.92,216.94,280.50
311,4,57,324.90,385.44,216.94,280.50
312,4,58,334.99,454.05,249.22,328.93
313,4,59,345.08,558.99,249.22,328.93
314,4,60,355.17,684.10,249.22,328.93
315,4,61,366.27,853.61,280.50,376.36
316,4,62,376.36,1070.55,280.50,376.36
317,4,63,386.45,1341.97,280.50,376.36
318,4,64,401.58,1683.01,280.50,376.36
319,4,65,411.67,2094.68,312.79,424.79
320,4,66,426.81,2603.22,312.79,424.79
321,4,67,453.04,3203.58,312.79,424.79
322,4,68,478.27,3919.97,312.79,424.79
323,4,69,513.58,4764.50,345.08,472.21
324,4,70,565.04,5761.39,345.08,472.21
325,4,71,616.50,5761.39,345.08,472.21
326,4,72,80.72,80.72,55.50,75.68
327,4,73,440.93,0.00,313.80,0.00
328,4,74,361.22,361.22,280.50,280.50
329,5,1,334.66,0.00,248.97,0.00
330,5,2,334.66,0.00,248.97,0.00
331,5,3,259.05,0.00,153.22,0.00
332,5,4,309.45,0.00,216.72,0.00
333,5,5,334.66,0.00,248.97,0.00
334,5,6,309.45,0.00,216.72,0.00
335,5,7,334.66,0.00,248.97,0.00
336,5,8,309.45,0.00,216.72,0.00
337,5,9,258.04,0.00,153.22,0.00
338,5,10,330.62,0.00,209.66,0.00
339,5,11,368.92,0.00,257.04,0.00
340,5,12,284.26,0.00,185.47,0.00
341,5,13,368.92,0.00,257.04,0.00
342,5,14,394.13,0.00,289.29,0.00
343,5,15,478.80,0.00,360.86,0.00
344,5,16,284.26,0.00,185.47,0.00
345,5,17,309.45,0.00,216.72,0.00
346,5,18,334.66,0.00,248.97,0.00
347,5,19,224.78,0.00,176.40,0.00
348,5,20,250.99,0.00,208.65,0.00
349,5,21,276.19,0.00,240.91,0.00
350,5,22,135.07,0.00,143.14,0.00
351,5,23,207.64,0.00,120.96,0.00
352,5,24,259.05,0.00,153.22,0.00
353,5,25,284.26,0.00,185.47,0.00
354,5,26,284.26,0.00,185.47,0.00
355,5,27,309.45,0.00,216.72,0.00
356,5,28,334.66,0.00,248.97,0.00
357,5,29,334.66,0.00,248.97,0.00
358,5,30,386.06,0.00,312.48,0.00
359,5,31,360.86,0.00,280.22,0.00
360,5,32,360.86,0.00,280.22,0.00
361,5,33,259.05,0.00,153.22,0.00
362,5,34,411.26,0.00,344.73,0.00
363,5,35,309.45,0.00,216.72,0.00
364,5,36,360.86,0.00,280.22,0.00
365,5,37,309.45,0.00,216.72,0.00
366,5,38,360.86,0.00,280.22,0.00
367,5,39,411.26,0.00,344.73,0.00
368,5,40,411.26,0.00,344.73,0.00
369,5,41,207.85,221.98,121.08,121.08
370,5,42,207.85,221.98,121.08,153.37
371,5,43,233.08,242.16,153.37,185.66
372,5,44,248.21,284.54,153.37,216.94
373,5,45,296.65,385.44,153.37,249.22
374,5,46,322.88,450.01,153.37,280.50
375,5,47,386.45,731.53,185.66,312.79
376,5,48,398.56,1108.89,185.66,345.08
377,5,49,411.67,1633.57,185.66,376.36
378,5,50,436.90,2326.75,216.94,408.65
379,5,51,501.47,2736.41,216.94,472.21
380,5,52,565.04,3194.49,216.94,535.78
381,5,53,233.08,244.18,169.51,249.22
382,5,54,284.54,284.54,185.66,280.50
383,5,55,294.63,326.92,200.79,312.79
384,5,56,314.81,326.92,216.94,280.50
385,5,57,324.90,385.44,216.94,280.50
386,5,58,334.99,454.05,249.22,328.93
387,5,59,345.08,558.99,249.22,328.93
388,5,60,355.17,684.10,249.22,328.93
389,5,61,366.27,853.61,280.50,376.36
390,5,62,376.36,1070.55,280.50,376.36
391,5,63,386.45,1341.97,280.50,376.36
392,5,64,401.58,1683.01,280.50,376.36
393,5,65,411.67,2094.68,312.79,424.79
394,5,66,426.81,2603.22,312.79,424.79
395,5,67,453.04,3203.58,312.79,424.79
396,5,68,478.27,3919.97,312.79,424.79
397,5,69,513.58,4764.50,345.08,472.21
398,5,70,565.04,5761.39,345.08,472.21
399,5,71,616.50,5761.39,345.08,472.21
400,5,72,80.72,80.72,55.50,75.68
401,5,73,440.49,0.00,313.49,0.00
402,5,74,361.22,361.22,280.50,280.50
403,6,1,334.66,0.00,248.97,0.00
404,6,2,334.66,0.00,248.97,0.00
405,6,3,259.05,0.00,153.22,0.00
406,6,4,309.45,0.00,216.72,0.00
407,6,5,334.66,0.00,248.97,0.00
408,6,6,309.45,0.00,216.72,0.00
409,6,7,334.66,0.00,248.97,0.00
410,6,8,309.45,0.00,216.72,0.00
411,6,9,258.04,0.00,153.22,0.00
412,6,10,330.62,0.00,209.66,0.00
413,6,11,368.92,0.00,257.04,0.00
414,6,12,284.26,0.00,185.47,0.00
415,6,13,368.92,0.00,257.04,0.00
416,6,14,394.13,0.00,289.29,0.00
417,6,15,478.80,0.00,360.86,0.00
418,6,16,284.26,0.00,185.47,0.00
419,6,17,309.45,0.00,216.72,0.00
420,6,18,334.66,0.00,248.97,0.00
421,6,19,224.78,0.00,176.40,0.00
422,6,20,250.99,0.00,208.65,0.00
423,6,21,276.19,0.00,240.91,0.00
424,6,22,135.07,0.00,143.14,0.00
425,6,23,207.64,0.00,120.96,0.00
426,6,24,259.05,0.00,153.22,0.00
427,6,25,284.26,0.00,185.47,0.00
428,6,26,284.26,0.00,185.47,0.00
429,6,27,309.45,0.00,216.72,0.00
430,6,28,334.66,0.00,248.97,0.00
431,6,29,334.66,0.00,248.97,0.00
432,6,30,386.06,0.00,312.48,0.00
433,6,31,360.86,0.00,280.22,0.00
434,6,32,360.86,0.00,280.22,0.00
435,6,33,259.05,0.00,153.22,0.00
436,6,34,411.26,0.00,344.73,0.00
437,6,35,309.45,0.00,216.72,0.00
438,6,36,360.86,0.00,280.22,0.00
439,6,37,309.45,0.00,216.72,0.00
440,6,38,360.86,0.00,280.22,0.00
441,6,39,411.26,0.00,344.73,0.00
442,6,40,411.26,0.00,344.73,0.00
443,6,41,207.64,221.76,120.96,120.96
444,6,42,207.64,221.76,120.96,153.22
445,6,43,232.85,241.92,153.22,185.47
446,6,44,247.96,284.26,153.22,216.72
447,6,45,296.35,385.05,153.22,248.97
448,6,46,322.56,449.56,153.22,280.22
449,6,47,386.06,730.80,185.47,312.48
450,6,48,398.16,1107.78,185.47,344.73
451,6,49,411.26,1631.94,185.47,375.98
452,6,50,436.46,2324.42,216.72,408.24
453,6,51,500.97,2733.67,216.72,471.74
454,6,52,564.47,3191.30,216.72,535.24
455,6,53,232.85,243.94,169.34,248.97
456,6,54,284.26,284.26,185.47,280.22
457,6,55,294.34,326.59,200.59,312.48
458,6,56,314.50,326.59,216.72,280.22
459,6,57,324.58,385.05,216.72,280.22
460,6,58,334.66,453.60,248.97,328.60
461,6,59,344.73,558.43,248.97,328.60
462,6,60,354.81,683.42,248.97,328.60
463,6,61,365.90,852.76,280.22,375.98
464,6,62,375.98,1069.48,280.22,375.98
465,6,63,386.06,1340.63,280.22,375.98
466,6,64,401.18,1681.23,280.22,375.98
467,6,65,411.26,2092.59,312.48,424.37
468,6,66,426.38,2600.62,312.48,424.37
469,6,67,452.59,3200.38,312.48,424.37
470,6,68,477.79,3916.05,312.48,424.37
471,6,69,513.07,4759.74,344.73,471.74
472,6,70,564.47,5755.63,344.73,471.74
473,6,71,615.88,5755.63,344.73,471.74
474,6,72,80.64,80.64,55.44,75.60
475,6,73,440.49,0.00,313.49,0.00
476,6,74,360.86,360.86,280.22,280.22
482,11,1,342.69,0.00,254.95,0.00
485,11,2,342.69,0.00,254.95,0.00
488,11,3,265.27,0.00,156.90,0.00
491,11,4,316.88,0.00,221.92,0.00
494,11,5,342.69,0.00,254.95,0.00
497,11,6,316.88,0.00,221.92,0.00
500,11,7,242.69,0.00,254.95,0.00
503,11,8,316.88,0.00,221.92,0.00
506,11,9,264.23,0.00,156.90,0.00
509,11,10,338.55,0.00,214.69,0.00
512,11,11,377.77,0.00,263.21,0.00
515,11,12,291.08,0.00,189.92,0.00
518,11,13,377.77,0.00,263.21,0.00
521,11,14,403.59,0.00,296.23,0.00
524,11,15,490.29,0.00,369.52,0.00
527,11,16,291.08,0.00,189.92,0.00
530,11,17,316.88,0.00,221.92,0.00
533,11,18,342.69,0.00,254.95,0.00
536,11,19,230.17,0.00,180.63,0.00
539,11,20,257.01,0.00,213.66,0.00
542,11,21,282.82,0.00,246.69,0.00
545,11,22,138.31,0.00,146.58,0.00
548,11,23,212.62,0.00,123.86,0.00
551,11,24,265.27,0.00,156.90,0.00
554,11,25,291.08,0.00,189.92,0.00
557,11,26,291.08,0.00,189.92,0.00
560,11,27,316.88,0.00,221.92,0.00
563,11,28,342.69,0.00,254.95,0.00
566,11,29,342.69,0.00,254.95,0.00
569,11,30,395.33,0.00,319.98,0.00
572,11,31,369.52,0.00,286.95,0.00
575,11,32,369.52,0.00,286.95,0.00
578,11,33,265.22,0.00,156.90,0.00
581,11,34,421.13,0.00,353.00,0.00
584,11,35,316.88,0.00,221.92,0.00
587,11,36,369.52,0.00,286.95,0.00
590,11,37,316.88,0.00,221.92,0.00
593,11,38,369.52,0.00,286.95,0.00
596,11,39,421.13,0.00,353.00,0.00
599,11,40,421.13,0.00,353.00,0.00
602,11,41,212.62,227.08,123.86,123.86
605,11,42,212.62,227.08,123.86,156.90
608,11,43,238.44,247.73,156.90,189.92
611,11,44,253.91,291.08,156.90,221.92
614,11,45,303.46,394.29,156.90,254.95
617,11,46,330.30,460.35,156.90,286.95
620,11,47,395.33,748.34,189.92,319.98
623,11,48,407.72,1134.37,189.92,353.00
626,11,49,421.13,1671.11,189.92,385.00
629,11,50,446.94,2380.21,221.92,418.04
632,11,51,512.99,2799.28,221.92,483.06
635,11,52,578.02,3267.89,221.92,548.09
638,11,53,238.44,249.79,173.40,254.95
641,11,54,291.08,291.08,189.92,286.95
644,11,55,301.40,334.43,205.40,319.98
647,11,56,322.05,334.43,221.92,286.95
650,11,57,332.37,394.29,221.92,286.95
653,11,58,342.69,464.49,254.95,336.49
656,11,59,353.00,571.83,254.95,336.49
659,11,60,363.33,699.82,254.95,336.49
662,11,61,374.68,873.23,286.95,385.00
665,11,62,385.00,1095.15,286.95,385.00
668,11,63,395.33,1372.81,286.95,385.00
671,11,64,410.81,1721.68,286.95,385.00
674,11,65,421.13,2142.81,319.98,434.55
677,11,66,436.61,2663.03,319.98,434.55
680,11,67,463.45,3277.19,319.98,434.55
683,11,68,489.26,4010.04,319.98,434.55
686,11,69,525.38,4873.97,353.00,483.06
689,11,70,578.02,5893.77,353.00,483.06
692,11,71,630.66,5893.77,353.00,483.06
695,11,72,82.58,82.58,56.77,77.41
698,11,73,451.06,0.00,321.01,0.00
701,11,74,369.52,369.52,286.95,286.95
707,17,1,342.69,0.00,254.95,0.00
710,17,2,342.69,0.00,254.95,0.00
713,17,3,265.27,0.00,156.90,0.00
716,17,4,316.88,0.00,221.92,0.00
719,17,5,342.69,0.00,254.95,0.00
722,17,6,316.88,0.00,221.92,0.00
725,17,7,342.69,0.00,254.95,0.00
728,17,8,316.88,0.00,221.92,0.00
731,17,9,264.23,0.00,156.90,0.00
734,17,10,338.55,0.00,214.69,0.00
737,17,11,377.77,0.00,263.21,0.00
740,17,12,291.08,0.00,189.92,0.00
743,17,13,377.77,0.00,263.21,0.00
746,17,14,403.59,0.00,296.23,0.00
749,17,15,490.29,0.00,369.52,0.00
752,17,16,291.08,0.00,189.92,0.00
755,17,17,316.88,0.00,221.92,0.00
758,17,18,342.69,0.00,254.95,0.00
761,17,19,230.17,0.00,180.63,0.00
764,17,20,257.01,0.00,213.66,0.00
767,17,21,282.82,0.00,246.69,0.00
770,17,22,138.31,0.00,146.58,0.00
773,17,23,212.62,0.00,123.86,0.00
776,17,24,265.27,0.00,156.90,0.00
779,17,25,291.08,0.00,189.92,0.00
782,17,26,291.08,0.00,189.92,0.00
785,17,27,316.88,0.00,221.92,0.00
788,17,28,342.69,0.00,254.95,0.00
791,17,29,342.69,0.00,254.95,0.00
794,17,30,395.33,0.00,319.98,0.00
797,17,31,369.52,0.00,286.95,0.00
800,17,32,369.52,0.00,286.95,0.00
803,17,33,265.22,0.00,156.90,0.00
806,17,34,421.13,0.00,353.00,0.00
809,17,35,316.88,0.00,221.92,0.00
812,17,36,369.52,0.00,286.95,0.00
815,17,37,316.88,0.00,221.92,0.00
818,17,38,369.52,0.00,286.95,0.00
821,17,39,421.13,0.00,353.00,0.00
824,17,40,421.13,0.00,353.00,0.00
827,17,41,212.62,227.08,123.86,123.86
830,17,42,212.62,227.08,123.86,156.90
833,17,43,238.44,247.73,156.90,189.92
836,17,44,253.91,291.08,156.90,221.92
839,17,45,303.46,394.29,156.90,254.95
842,17,46,330.30,460.35,156.90,286.95
845,17,47,395.33,748.34,189.92,319.98
848,17,48,407.72,1134.37,189.92,353.00
851,17,49,421.13,1671.11,189.92,385.00
854,17,50,446.94,2380.21,221.92,418.04
857,17,51,512.99,2799.28,221.92,483.06
860,17,52,578.02,3267.89,221.92,548.09
863,17,53,238.44,249.79,173.40,254.95
866,17,54,291.08,291.08,189.92,286.95
869,17,55,301.40,334.43,205.40,319.98
872,17,56,322.05,334.43,221.92,286.95
875,17,57,332.37,394.29,221.92,286.95
878,17,58,342.69,464.49,254.95,336.49
881,17,59,353.00,571.83,254.95,336.49
884,17,60,363.33,699.82,254.95,336.49
887,17,61,374.68,873.23,286.95,385.00
890,17,62,385.00,1095.15,286.95,385.00
893,17,63,395.33,1372.81,286.95,385.00
896,17,64,410.81,1721.68,286.95,385.00
899,17,65,421.13,2142.81,319.98,434.55
902,17,66,436.61,2663.03,319.98,434.55
905,17,67,463.45,3277.19,319.98,434.55
908,17,68,489.26,4010.04,319.98,434.55
911,17,69,525.38,4873.97,353.00,483.06
914,17,70,578.02,5893.77,353.00,483.06
917,17,71,630.66,5893.77,353.00,483.06
920,17,72,82.58,82.58,56.77,77.41
923,17,73,451.06,0.00,321.01,0.00
926,17,74,369.52,369.52,286.95,286.95
931,22,1,342.69,0.00,254.95,0.00
934,22,2,342.69,0.00,254.95,0.00
937,22,3,265.27,0.00,156.90,0.00
940,22,4,316.88,0.00,221.92,0.00
943,22,5,342.69,0.00,254.95,0.00
946,22,6,316.88,0.00,221.92,0.00
949,22,7,342.69,0.00,254.95,0.00
952,22,8,316.88,0.00,221.92,0.00
955,22,9,264.23,0.00,156.90,0.00
958,22,10,338.55,0.00,214.69,0.00
961,22,11,377.77,0.00,263.21,0.00
964,22,12,291.08,0.00,189.92,0.00
967,22,13,377.77,0.00,263.21,0.00
970,22,14,403.59,0.00,296.23,0.00
973,22,15,490.29,0.00,369.52,0.00
976,22,16,291.08,0.00,189.92,0.00
979,22,17,316.88,0.00,221.92,0.00
982,22,18,342.69,0.00,254.95,0.00
985,22,19,230.17,0.00,180.63,0.00
988,22,20,257.01,0.00,213.66,0.00
991,22,21,282.82,0.00,246.69,0.00
994,22,22,138.31,0.00,146.58,0.00
997,22,23,212.62,0.00,123.86,0.00
1000,22,24,265.27,0.00,156.90,0.00
1003,22,25,291.08,0.00,189.92,0.00
1006,22,26,291.08,0.00,189.92,0.00
1009,22,27,316.88,0.00,221.92,0.00
1012,22,28,342.69,0.00,254.95,0.00
1015,22,29,342.69,0.00,254.95,0.00
1018,22,30,395.33,0.00,319.98,0.00
1021,22,31,369.52,0.00,286.95,0.00
1024,22,32,369.52,0.00,286.95,0.00
1027,22,33,265.22,0.00,156.90,0.00
1030,22,34,421.13,0.00,353.00,0.00
1033,22,35,316.88,0.00,221.92,0.00
1036,22,36,369.52,0.00,286.95,0.00
1039,22,37,316.88,0.00,221.92,0.00
1042,22,38,369.52,0.00,286.95,0.00
1045,22,39,421.13,0.00,353.00,0.00
1048,22,40,421.13,0.00,353.00,0.00
1051,22,41,212.62,227.08,123.86,123.86
1054,22,42,212.62,227.08,123.86,156.90
1057,22,43,238.44,247.73,156.90,189.92
1060,22,44,253.91,291.08,156.90,221.92
1063,22,45,303.46,394.29,156.90,254.95
1066,22,46,330.30,460.35,156.90,286.95
1069,22,47,395.33,748.34,189.92,319.98
1072,22,48,407.72,1134.37,189.92,353.00
1075,22,49,421.13,1671.11,189.92,385.00
1078,22,50,446.94,2380.21,221.92,418.04
1081,22,51,512.99,2799.28,221.92,483.06
1084,22,52,578.02,3267.89,221.92,548.09
1087,22,53,238.44,249.79,173.40,254.95
1090,22,54,291.08,291.08,189.92,286.95
1093,22,55,301.40,334.43,205.40,319.98
1096,22,56,322.05,334.43,221.92,286.95
1099,22,57,332.37,394.29,221.92,286.95
1102,22,58,342.69,464.49,254.95,336.49
1105,22,59,353.00,571.83,254.95,336.49
1108,22,60,363.33,699.82,254.95,336.49
1111,22,61,374.68,873.23,286.95,385.00
1114,22,62,385.00,1095.15,286.95,385.00
1117,22,63,395.33,1372.81,286.95,385.00
1120,22,64,410.81,1721.68,286.95,385.00
1123,22,65,421.13,2142.81,319.98,434.55
1126,22,66,436.61,2663.03,319.98,434.55
1129,22,67,463.45,3277.19,319.98,434.55
1132,22,68,489.26,4010.04,319.98,434.55
1135,22,69,525.38,4873.97,353.00,483.06
1138,22,70,578.02,5893.77,353.00,483.06
1141,22,71,630.66,5893.77,353.00,483.06
1144,22,72,82.58,82.58,56.77,77.41
1147,22,73,451.06,0.00,321.01,0.00
1150,22,74,369.52,369.52,286.95,286.95
1155,27,1,342.69,0.00,254.95,0.00
1158,27,2,342.69,0.00,254.95,0.00
1161,27,3,265.27,0.00,156.90,0.00
1164,27,4,316.88,0.00,221.92,0.00
1167,27,5,342.69,0.00,254.95,0.00
1170,27,6,316.88,0.00,221.92,0.00
1173,27,7,342.69,0.00,254.95,0.00
1176,27,8,316.88,0.00,221.92,0.00
1179,27,9,264.23,0.00,156.90,0.00
1182,27,10,338.55,0.00,214.69,0.00
1185,27,11,377.77,0.00,263.21,0.00
1188,27,12,291.08,0.00,189.92,0.00
1191,27,13,377.77,0.00,263.21,0.00
1194,27,14,403.59,0.00,296.23,0.00
1197,27,15,490.29,0.00,369.52,0.00
1200,27,16,291.08,0.00,189.92,0.00
1203,27,17,316.88,0.00,221.92,0.00
1206,27,18,342.69,0.00,254.95,0.00
1209,27,19,230.17,0.00,180.63,0.00
1212,27,20,257.01,0.00,213.66,0.00
1215,27,21,282.82,0.00,246.69,0.00
1218,27,22,138.31,0.00,146.58,0.00
1221,27,23,212.62,0.00,123.86,0.00
1224,27,24,265.27,0.00,156.90,0.00
1227,27,25,291.08,0.00,189.92,0.00
1230,27,26,291.08,0.00,189.92,0.00
1233,27,27,316.88,0.00,221.92,0.00
1236,27,28,342.69,0.00,254.95,0.00
1239,27,29,342.69,0.00,254.95,0.00
1242,27,30,395.33,0.00,319.98,0.00
1245,27,31,369.52,0.00,286.95,0.00
1248,27,32,369.52,0.00,286.95,0.00
1251,27,33,265.22,0.00,156.90,0.00
1254,27,34,421.13,0.00,353.00,0.00
1257,27,35,316.88,0.00,221.92,0.00
1260,27,36,369.52,0.00,286.95,0.00
1263,27,37,316.88,0.00,221.92,0.00
1266,27,38,369.52,0.00,286.95,0.00
1269,27,39,421.13,0.00,353.00,0.00
1272,27,40,421.13,0.00,353.00,0.00
1275,27,41,212.62,227.08,123.86,123.86
1278,27,42,212.62,227.08,123.86,156.90
1281,27,43,238.44,247.73,156.90,189.92
1284,27,44,253.91,291.08,156.90,221.92
1287,27,45,303.46,394.29,156.90,254.95
1290,27,46,330.30,460.35,156.90,286.95
1293,27,47,395.33,748.34,189.92,319.98
1296,27,48,407.72,1134.37,189.92,353.00
1299,27,49,421.13,1671.11,189.92,385.00
1302,27,50,446.94,2380.21,221.92,418.04
1305,27,51,512.99,2799.28,221.92,483.06
1308,27,52,578.02,3267.89,221.92,548.09
1311,27,53,238.44,249.79,173.40,254.95
1314,27,54,291.08,291.08,189.92,286.95
1317,27,55,301.40,334.43,205.40,319.98
1320,27,56,322.05,334.43,221.92,286.95
1323,27,57,332.37,394.29,221.92,286.95
1326,27,58,342.69,464.49,254.95,336.49
1329,27,59,353.00,571.83,254.95,336.49
1332,27,60,363.33,699.82,254.95,336.49
1335,27,61,374.69,873.23,286.95,385.00
1338,27,62,385.00,1095.15,286.95,385.00
1341,27,63,395.33,1372.81,286.95,385.00
1344,27,64,410.81,1721.68,286.95,385.00
1347,27,65,421.13,2142.81,319.98,434.55
1350,27,66,436.61,2663.03,319.98,434.55
1353,27,67,463.45,3277.19,319.98,434.55
1356,27,68,489.26,4010.04,319.98,434.55
1359,27,69,525.38,4873.97,353.00,483.06
1362,27,70,578.02,5893.77,353.00,483.06
1365,27,71,630.66,5893.77,353.00,483.06
1368,27,72,82.58,82.58,56.77,77.41
1371,27,73,451.06,0.00,321.01,0.00
1374,27,74,369.52,369.52,286.95,286.95
1378,30,1,342.69,0.00,254.95,0.00
1380,30,2,342.69,0.00,254.95,0.00
1382,30,3,265.27,0.00,156.90,0.00
1384,30,4,316.88,0.00,221.92,0.00
1386,30,5,342.69,0.00,254.95,0.00
1388,30,6,316.88,0.00,221.92,0.00
1390,30,7,342.69,0.00,254.95,0.00
1392,30,8,316.88,0.00,221.92,0.00
1394,30,9,264.23,0.00,156.90,0.00
1396,30,10,338.55,0.00,214.69,0.00
1398,30,11,377.77,0.00,263.21,0.00
1400,30,12,291.08,0.00,189.92,0.00
1402,30,13,377.77,0.00,263.21,0.00
1404,30,14,403.59,0.00,296.23,0.00
1406,30,15,490.29,0.00,369.52,0.00
1408,30,16,291.08,0.00,189.92,0.00
1410,30,17,316.88,0.00,221.92,0.00
1412,30,18,342.69,0.00,254.95,0.00
1414,30,19,230.17,0.00,180.63,0.00
1416,30,20,257.01,0.00,213.66,0.00
1418,30,21,282.82,0.00,246.69,0.00
1420,30,22,138.31,0.00,146.58,0.00
1422,30,23,212.62,0.00,123.86,0.00
1424,30,24,265.27,0.00,156.90,0.00
1426,30,25,291.08,0.00,189.92,0.00
1428,30,26,291.08,0.00,189.92,0.00
1430,30,27,316.88,0.00,221.92,0.00
1432,30,28,342.69,0.00,254.95,0.00
1434,30,29,342.69,0.00,254.95,0.00
1436,30,30,395.33,0.00,319.98,0.00
1438,30,31,369.52,0.00,286.95,0.00
1440,30,32,369.52,0.00,286.95,0.00
1442,30,33,265.22,0.00,156.90,0.00
1444,30,34,421.13,0.00,353.00,0.00
1446,30,35,316.88,0.00,221.92,0.00
1448,30,36,369.52,0.00,286.95,0.00
1450,30,37,316.88,0.00,221.92,0.00
1452,30,38,369.52,0.00,286.95,0.00
1454,30,39,421.13,0.00,353.00,0.00
1456,30,40,421.13,0.00,353.00,0.00
1458,30,41,212.62,227.08,123.86,123.86
1460,30,42,212.62,227.08,123.86,156.90
1462,30,43,238.44,247.73,156.90,189.92
1464,30,44,253.91,291.08,156.90,221.92
1466,30,45,303.46,394.29,156.90,254.95
1468,30,46,330.30,460.35,156.90,286.95
1470,30,47,395.33,748.34,189.92,319.98
1472,30,48,407.72,1134.37,189.92,353.00
1474,30,49,421.13,1671.11,189.92,385.00
1476,30,50,446.94,2380.21,221.92,418.04
1478,30,51,512.99,2799.28,221.92,483.06
1480,30,52,578.02,3267.89,221.92,548.09
1482,30,53,238.44,249.79,173.40,254.95
1484,30,54,291.08,291.08,189.92,286.95
1486,30,55,301.40,334.43,205.40,319.98
1488,30,56,322.05,334.43,221.92,286.95
1490,30,57,332.37,394.29,221.92,286.95
1492,30,58,342.69,464.49,254.95,336.49
1494,30,59,353.00,571.83,254.95,336.49
1496,30,60,363.33,699.82,254.95,336.49
1498,30,61,374.69,873.23,286.95,385.00
1500,30,62,385.00,1095.15,286.95,385.00
1502,30,63,395.33,1372.81,286.95,385.00
1504,30,64,410.81,1721.68,286.95,385.00
1506,30,65,421.13,2142.81,319.98,434.55
1508,30,66,436.61,2663.03,319.98,434.55
1510,30,67,463.45,3277.19,319.98,434.55
1512,30,68,489.26,4010.04,319.98,434.55
1514,30,69,525.38,4873.97,353.00,483.06
1516,30,70,578.02,5893.77,353.00,483.06
1518,30,71,630.66,5893.77,353.00,483.06
1520,30,72,82.58,82.58,56.77,77.41
1522,30,73,451.06,0.00,321.01,0.00
1524,30,74,369.52,369.52,286.95,286.95
1529,35,1,341.32,0.00,253.93,0.00
1532,35,2,341.32,0.00,253.93,0.00
1535,35,3,264.21,0.00,156.27,0.00
1538,35,4,315.61,0.00,221.03,0.00
1541,35,5,341.32,0.00,253.93,0.00
1544,35,6,315.61,0.00,221.03,0.00
1547,35,7,341.32,0.00,253.93,0.00
1550,35,8,315.61,0.00,221.03,0.00
1553,35,9,263.17,0.00,156.27,0.00
1556,35,10,337.20,0.00,213.83,0.00
1559,35,11,376.26,0.00,262.16,0.00
1562,35,12,289.92,0.00,189.16,0.00
1565,35,13,376.26,0.00,262.16,0.00
1568,35,14,401.98,0.00,295.05,0.00
1571,35,15,488.33,0.00,368.04,0.00
1574,35,16,289.92,0.00,189.16,0.00
1577,35,17,315.61,0.00,221.03,0.00
1580,35,18,341.32,0.00,253.93,0.00
1583,35,19,229.25,0.00,179.91,0.00
1586,35,20,255.98,0.00,212.81,0.00
1589,35,21,281.68,0.00,245.70,0.00
1592,35,22,137.76,0.00,145.99,0.00
1595,35,23,211.77,0.00,123.36,0.00
1598,35,24,264.21,0.00,156.27,0.00
1601,35,25,289.92,0.00,189.16,0.00
1604,35,26,289.92,0.00,189.16,0.00
1607,35,27,315.61,0.00,221.03,0.00
1610,35,28,341.32,0.00,253.93,0.00
1613,35,29,341.32,0.00,253.93,0.00
1616,35,30,393.75,0.00,318.70,0.00
1619,35,31,368.04,0.00,285.80,0.00
1622,35,32,368.04,0.00,285.80,0.00
1625,35,33,264.16,0.00,156.27,0.00
1628,35,34,419.45,0.00,351.59,0.00
1631,35,35,315.61,0.00,221.03,0.00
1634,35,36,368.04,0.00,285.80,0.00
1637,35,37,315.61,0.00,221.03,0.00
1640,35,38,368.04,0.00,285.80,0.00
1643,35,39,419.45,0.00,351.59,0.00
1646,35,40,419.45,0.00,351.59,0.00
1649,35,41,211.77,226.17,123.36,123.36
1652,35,42,211.77,226.17,123.36,156.27
1655,35,43,237.49,246.74,156.27,189.16
1658,35,44,252.89,289.92,156.27,221.03
1661,35,45,302.25,392.71,156.27,253.93
1664,35,46,328.98,458.51,156.27,285.80
1667,35,47,393.75,745.35,189.16,318.70
1670,35,48,406.09,1129.83,189.16,351.59
1673,35,49,419.45,1664.43,189.16,383.46
1676,35,50,445.15,2370.69,221.03,416.37
1679,35,51,510.94,2788.08,221.03,481.13
1682,35,52,575.71,3254.82,221.03,545.90
1685,35,53,237.49,248.79,172.71,253.93
1688,35,54,289.92,289.92,189.16,285.80
1691,35,55,300.19,333.09,204.58,318.70
1694,35,56,320.76,333.09,221.03,285.80
1697,35,57,331.04,392.71,221.03,285.80
1700,35,58,341.32,462.63,253.93,335.14
1703,35,59,351.59,569.54,253.93,335.14
1706,35,60,361.88,697.02,253.93,335.14
1709,35,61,373.18,869.74,285.80,383.46
1712,35,62,383.46,1090.77,285.80,383.46
1715,35,63,393.75,1367.32,285.80,383.46
1718,35,64,409.17,1714.79,285.80,383.46
1721,35,65,419.45,2134.24,318.70,432.81
1724,35,66,434.86,2652.38,318.70,432.81
1727,35,67,461.60,3264.08,318.70,432.81
1730,35,68,487.30,3994.00,318.70,432.81
1733,35,69,523.28,4854.47,351.59,481.13
1736,35,70,575.71,5870.19,351.59,481.13
1739,35,71,628.14,5870.19,351.59,481.13
1742,35,72,82.25,82.25,56.54,77.10
1745,35,73,449.26,0.00,319.73,0.00
1748,35,74,368.04,368.04,285.80,285.80
